pr_id,tag
F001,감성
F001,비판적
F002,날씨
F002,정보
F003,코딩
F003,학습
F003,친절함
F004,미래
F004,감성
F004,재정
F004,여행
F005,일상
F005,AI
F005,가이드
F005,날씨
F006,공부
F006,코딩
F006,추천
F007,학습
F007,준비
F007,맛집
F008,조언
F008,시간관리
F008,준비
F009,일상
F009,공부
F009,미래
F009,취업
F010,해소
F010,추천
F010,여행
F011,학습
F011,설명
F011,날씨
F012,요약
F012,추천
F012,가이드
F013,스트레스
F013,추천
F013,설명
F014,정보
F014,코딩
F014,가이드
F015,준비
F015,뉴스
F015,맛집
F015,요리
F016,감성
F016,조언
F016,코딩
F017,공부
F017,일상
F017,정보
F017,준비
F018,레시피
F018,해소
F018,스트레스
F019,정보
F019,건강
F019,코딩
F019,인생
F020,요리
F020,독서
F020,영화
F020,인생
F021,취업
F021,요리
F021,날씨
F021,코딩
F022,자기계발
F022,요약
F022,공부
F022,효율
F023,효율
F023,취업
F023,감성
F023,요약
F024,정보
F024,일상
F024,뉴스
F025,영화
F025,해소
F025,독서
F026,인생
F026,추천
F026,영화
F026,맛집
F027,날씨
F027,조언
F027,정보
F027,기술
F028,미래
F028,인생
F028,코딩
F029,건강
F029,추천
F029,시간관리
F029,맛집
F030,준비
F030,코딩
F030,학습
F030,일상
F031,요약
F031,건강
F031,인생
F031,준비
F032,학습
F032,맛집
F032,재정
F033,여행
F033,시간관리
F033,미래
F034,조언
F034,날씨
F034,요리
F035,재테크
F035,건강
F035,설명
F036,요리
F036,AI
F036,영화
F036,감성
F037,시간관리
F037,자기계발
F037,추천
F038,인생
F038,추천
F038,미래
F038,코딩
F039,맛집
F039,여행
F039,일상
F039,요리
F040,레시피
F040,추천
F040,자기계발
F041,운동
F041,가이드
F041,코딩
F042,해소
F042,요약
F042,여행
F043,운동
F043,취업
F043,시간관리
F043,조언
F044,기술
F044,여행
F044,코딩
F045,운동
F045,날씨
F045,추천
F046,기술
F046,추천
F046,여행
F047,감성
F047,공부
F047,추천
F047,일상
F048,요약
F048,정보
F048,추천
F049,인생
F049,독서
F049,요약
F050,미래
F050,레시피
F050,맛집
F050,운동
F051,정보
F051,날씨
F051,효율
F051,인생
F052,준비
F052,인생
F052,해소
F052,요리
F053,코딩
F053,조언
F053,AI
F054,준비
F054,설명
F054,재정
F054,재테크
F055,기술
F055,준비
F055,시간관리
F056,설명
F056,준비
F056,건강
F056,운동
F057,설명
F057,추천
F057,맛집
F058,공부
F058,설명
F058,시간관리
F058,미래
F059,조언
F059,추천
F059,스트레스
F059,코딩
F060,해소
F060,미래
F060,여행
F061,정보
F061,여행
F061,인생
F061,요리
F062,영화
F062,맛집
F062,기술
F062,해소
F063,학습
F063,시간관리
F063,요리
F063,AI
F064,추천
F064,가이드
F064,자기계발
F065,맛집
F065,AI
F065,학습
F066,공부
F066,학습
F066,스트레스
F066,맛집
F067,운동
F067,추천
F067,해소
F068,효율
F068,취업
F068,학습
F069,재정
F069,운동
F069,기술
F069,해소
F070,뉴스
F070,시간관리
F070,정보
F071,추천
F071,건강
F071,공부
F072,운동
F072,감성
F072,코딩
F073,공부
F073,추천
F073,레시피
F074,정보
F074,인생
F074,날씨
F075,일상
F075,뉴스
F075,자기계발
F076,미래
F076,인생
F076,스트레스
F076,추천
F077,해소
F077,스트레스
F077,맛집
F078,시간관리
F078,준비
F078,날씨
F078,독서
F079,레시피
F079,뉴스
F079,스트레스
F079,감성
F080,재테크
F080,조언
F080,코딩
F080,재정
F081,추천
F081,운동
F081,공부
F081,건강
F082,추천
F082,미래
F082,학습
F083,재테크
F083,효율
F083,미래
F084,스트레스
F084,레시피
F084,재테크
F084,코딩
F085,여행
F085,공부
F085,요리
F085,맛집
F086,날씨
F086,추천
F086,기술
F087,취업
F087,재테크
F087,자기계발
F088,추천
F088,맛집
F089,기술
F089,취업
F089,정보
F089,학습
F090,감성
F090,추천
F090,시간관리
F091,가이드
F091,건강
F091,학습
F091,기술
F092,학습
F092,준비
F092,취업
F092,정보
F093,여행
F093,독서
F093,운동
F093,시간관리
F094,코딩
F094,인생
F094,레시피
F095,추천
F095,정보
F095,날씨
F095,시간관리
F096,재정
F096,AI
F096,요리
F097,뉴스
F097,효율
F097,자기계발
F097,재정
F098,코딩
F098,영화
F098,날씨
F098,학습
F099,건강
F099,설명
F099,학습
F100,학습
F100,레시피
F100,재테크
F101,정보
F101,재정
F101,AI
F102,날씨
F102,운동
F102,재테크
F102,스트레스
F103,미래
F103,기술
F103,독서
F103,요리
